INSERT INTO COMPTE
VALUES ("Amandine","mdp","admin");
INSERT INTO COMPTE
VALUES("Michel","michel","joueur");

INSERT INTO CATEGORIE
VALUES ("Action et aventure");
INSERT INTO CATEGORIE
VALUES ("Comédie");
INSERT INTO CATEGORIE
VALUES ("Drames");
INSERT INTO CATEGORIE
VALUES ("Romance");
INSERT INTO CATEGORIE
VALUES ("SF et fantastique");
INSERT INTO CATEGORIE
VALUES ("Enfants");
INSERT INTO CATEGORIE
VALUES ("Animes");
INSERT INTO CATEGORIE
VALUES ("Thrillers");
INSERT INTO CATEGORIE
VALUES ("Policiers");
INSERT INTO CATEGORIE
VALUES ("Horreur");
INSERT INTO CATEGORIE
VALUES ("Ados");

INSERT INTO QUIZZ
VALUES(1, "stranger_things.jpg","Horreur","SF et fantastique","Thrillers","Stranger Things","Vous vous pensez incollables sur les évênements survenus à Hawkins ?");
INSERT INTO QUIZZ
VALUES(2, "wakfu.jpg","Animes","Enfants",NULL,"Wakfu","Connaissez-vous tout de l'univers de Wakfu ?");
INSERT INTO QUIZZ
VALUES(3, "totally_spies.jpg","Enfants",NULL,NULL,"Totally Spies !","Les Spies vous attendent !");
INSERT INTO QUIZZ
VALUES(4, "the100.jpg","SF et fantastique","Ados",NULL,"The 100", "Testez vos connaissances sur la série The 100");
INSERT INTO QUIZZ
VALUES(5, "pll.jpg","Drames","Romance","Ados","Pretty Little Liars","Les liars ont-elles des secrets pour vous ?");
INSERT INTO QUIZZ
VALUES(6, "peaky_blinders.jpg","Drames","Action et aventure","Policiers","Peaky Blinders","Tu penses connaître la famille Shelby ?");
INSERT INTO QUIZZ
VALUES(7, "casa_de_papel.jpg", "Policiers","Thrillers",NULL,"La Casa de Papel","Un petit cambriolage ?");
INSERT INTO QUIZZ
VALUES(8, "jane_the_virgin.jpg", "Romance","Comédie",NULL,"Jane the Virgin","Ce test est tout droit sorti d'une telenovela !");
INSERT INTO QUIZZ
VALUES(9, "how_i_met_your_mother.jpg","Romance","Comédie",NULL,"How I Met Your Mother","Sais-tu comment Ted a rencontré la mère de ses enfants ?");
INSERT INTO QUIZZ
VALUES(10, "breaking_bad.jpg", "Thrillers","Drames",NULL,"Breaking Bad","Pensez-vous être le laborantin de Walter White ?");
INSERT INTO QUIZZ
VALUES(11, "assassination_classroom.jpg","Animes","SF et fantastique",NULL,"Assassination Classroom","Connaissez-vous la créature qui prévoit de détruire la planète ?");
INSERT INTO QUIZZ
VALUES(12, "the_big_bang_theory.jpg","Comédie",NULL,NULL,"The Big Bang Theory","Êtes vous à jour dans vos cours de physique ?");
INSERT INTO QUIZZ
VALUES(13, "elite.jpg","Ados","Thrillers",NULL, "Élite", "Avez-vous le niveau pour faire partie de l'élite ?");
INSERT INTO QUIZZ
VALUES(14, "you.jpg", "Thrillers","Drames","Horreur","YOU","Connaissez-vous tout de cette série ?");
INSERT INTO QUIZZ
VALUES (15, "ratz.jpg", "Enfants","Comédie",NULL, "Ratz", "Pas de panique à bord, répond au quizz d'abord");

INSERT INTO QUESTION
VALUES(1,1,"Qui est l'ami de Mike que Nancy (sa soeur) préfère ?","QCM","OUV","OUV");
INSERT INTO QUESTION
VALUES(2,1,"VRAI ou FAUX ? Le nom de la principale du bal d’hiver est “should I stay or should I go”.","VF","VF","VF");
INSERT INTO QUESTION
VALUES(3,1, "Qui embrasse Max lors du bal d’hiver ?","QCM","QCM","QCM");
INSERT INTO QUESTION
VALUES(4,1, "Qui est le “papa” de Onze ?", "QCM","QCM","QCM");
INSERT INTO QUESTION
VALUES(5,1, "Quel personnage de la bande est Onze ?","QCM","QCM","QCM");
INSERT INTO QUESTION
VALUES(6,1, "Quels sont les pouvoirs de Onze ? (2 réponses)","QCM","QCM","QCM");
INSERT INTO QUESTION
VALUES(7,1, "Dans quel jeu d’arcade Lucas a été battue par Max ?","QCM","QCM","QCM");
INSERT INTO QUESTION
VALUES(8,1, "VRAI ou FAUX ? Le démogorgon est attiré par le sang.","VF","VF","VF");
INSERT INTO QUESTION
VALUES(9,1, "Quel est le nom de fleur que la mère de Onze répète dans son rêve ?","QCM","QCM","OUV");
INSERT INTO QUESTION
VALUES(10,1,"Sur quoi Steeve écrit “Nancy Wheeler est une traînée” après l’avoir vue avec Jonathan ?","QCM","QCM","QCM");
INSERT INTO QUESTION
VALUES(1,3,"De quelle couleur est la combinaison de Sam ?","QCM","QCM","QCM");
INSERT INTO QUESTION
VALUES(2,3,"Qui est le dirigeant du WHOOP ?","QCM","OUV","OUV");
INSERT INTO QUESTION
VALUES(3,3,"Quel est le gadget permettant aux spies de communiquer avec Jerry ?","QCM","QCM","QCM");
INSERT INTO QUESTION
VALUES(4,3,"De quelle série des années 70 s’inspire Totally Spies ?","QCM","QCM","QCM");
INSERT INTO QUESTION
VALUES(5,3,"Quelles sont les passions de Clover ? (2 réponses)","QCM","QCM","QCM");
INSERT INTO QUESTION
VALUES(6,3,"Qui est l’ennemie jurée de Clover ?","QCM","QCM","OUV");
INSERT INTO QUESTION
VALUES(7,3,"Dans quelle ville les spies vont-elles au lycée ?","QCM","QCM","QCM");
INSERT INTO QUESTION
VALUES(8,3,"VRAI OU FAUX ? Le sac d’espionnage des Totally spies est en forme d’étoile.","VF","VF","VF");
INSERT INTO QUESTION
VALUES(9,3,"VRAI OU FAUX ? Alex est la plus jeune des trois spies.","VF","VF","VF");
INSERT INTO QUESTION
VALUES(10,3,"Quelle est la nationalité de Jerry ?","QCM","QCM","QCM");
INSERT INTO QUESTION
VALUES(1,4,"Combien de stations spatiales regroupe l'Arche ?","QCM","QCM","QCM");
INSERT INTO QUESTION
VALUES(2,4,"Qui est le chancelier sur l'Arche ?","QCM","QCM","QCM");
INSERT INTO QUESTION
VALUES(3,4,"Que sont les 100 adolescents envoyés sur Terre ?","QCM","QCM","QCM");
INSERT INTO QUESTION
VALUES(4,4,"VRAI OU FAUX ? Le père de Clarke a trahi sa mère, la condamnant à la mort.","VF","VF","VF");
INSERT INTO QUESTION
VALUES(5,4,"VRAI ou FAUX ? Jasper est tombé amoureux d’une habitante de Mount Weather.","VF","VF","VF");
INSERT INTO QUESTION
VALUES(6,4,"Comment s’appelle l’intelligence artificielle qui veut que tous les humains rejoignent la Cité des Lumières ?","QCM","QCM","QCM");
INSERT INTO QUESTION
VALUES(7,4,"Qui a formé Octavia au combat ? ","QCM","OUV","OUV");
INSERT INTO QUESTION
VALUES(8,4,"De quelle commandante Clarke a-t-elle été amoureuse ? ","QCM","QCM","OUV");
INSERT INTO QUESTION
VALUES(9,4,"Qui s’est sacrifié pour ses amis à la venue de la vague mortelle de radiation “Praimfaya” ? ","QCM","QCM","QCM");
INSERT INTO QUESTION
VALUES(10,4,"Pourquoi Octavia était-elle en prison sur l’Arche ?","QCM","QCM","QCM");
INSERT INTO QUESTION
VALUES (1,10,"Quelle est la date d’anniversaire de Walter White ? ","QCM","QCM","QCM");
INSERT INTO QUESTION
VALUES(2,10,"VRAI ou FAUX ? Walter White a ordonné la mort de Gustavo Fring.","VF","VF","VF");
INSERT INTO QUESTION
VALUES(3,10,"VRAI ou FAUX ? Walter donne à sa femme, Skyler, un papier de loto avec les coordonnées GPS permettant de trouver l’argent caché dans le désert.","VF","VF","VF");
INSERT INTO QUESTION
VALUES(4,10,"Comment s’appelle la société fondée par Walter et Elliott lors de leurs études ?","QCM","OUV","OUV");
INSERT INTO QUESTION
VALUES(5,10,"Comment s’appelle la fille de Walter et Skyler White ?","QCM","QCM","OUV");
INSERT INTO QUESTION
VALUES(6,10,"De quoi est atteint Walter White ?","QCM","OUV","OUV");
INSERT INTO QUESTION
VALUES(7,10,"Comment s’appelle la personne âgée en fauteuil roulant qui appuie sur sa sonnette ?","QCM","QCM","QCM");
INSERT INTO QUESTION
VALUES(8,10,"Dans quelle ville se déroule l’intrigue ?","QCM","QCM","QCM");
INSERT INTO QUESTION
VALUES(9,10,"A quel âge meurt Walter White ?","QCM","QCM","QCM");
INSERT INTO QUESTION
VALUES(10,10,"Quel est le surnom de Jessie Pinkman ?","QCM","QCM","QCM");
INSERT INTO QUESTION
VALUES(1,9,"Qui joue le rôle de Barney Stinson ?","QCM","QCM","QCM");
INSERT INTO QUESTION
VALUES(2,9,"En quelle année Ted raconte-t-il à ses enfants comment il a rencontré leur mère ?","QCM","QCM","QCM");
INSERT INTO QUESTION
VALUES(3,9,"VRAI ou FAUX ? Marshall demande Lily en mariage à la fin de la saison 2.","VF","VF","VF");
INSERT INTO QUESTION
VALUES(4,9,"Quel est le métier de Ted Mosby ?","QCM","OUV","OUV");
INSERT INTO QUESTION
VALUES(5,9,"De quel pays vient Robin ?","QCM","QCM","QCM");
INSERT INTO QUESTION
VALUES(6,9,"Avec qui Robin a-t-elle été en couple ? (2 réponses)","QCM","QCM","QCM");
INSERT INTO QUESTION
VALUES(7,9,"Dans quelle ville se déroule la série ?","QCM","QCM","QCM");
INSERT INTO QUESTION
VALUES(8,9,"Quelle est la passion de Barney ?","QCM","QCM","QCM");
INSERT INTO QUESTION
VALUES(9,9,"Quel est le sport favori de Robin ?","QCM","QCM","QCM");
INSERT INTO QUESTION
VALUES(10,9,"De quelle couleur est le parapluie de la mère des enfants de Ted ? ","QCM","QCM","OUV");
INSERT INTO QUESTION
VALUES (1,8,"VRAI ou FAUX ? Jane est tombé enceinte alors qu’elle était vierge.","VF","VF","VF");
INSERT INTO QUESTION
VALUES (2,8,"Qui est le père de Jane ? ","QCM","QCM","QCM");
INSERT INTO QUESTION
VALUES (3,8,"Quel est le vrai prénom de Petra ? ","QCM","QCM","QCM");
INSERT INTO QUESTION
VALUES (4,8,"De quel pays vient Petra ? ","QCM","QCM","QCM");
INSERT INTO QUESTION
VALUES (5,8,"Comment s’appelle le fils de Jane ? ","QCM","OUV","OUV");
INSERT INTO QUESTION
VALUES (6,8,"VRAI ou FAUX ? Luisa est amoureuse du criminel Sin Rostro.","VF","VF","VF");
INSERT INTO QUESTION
VALUES (7,8,"Comment s’appelle l’hôtel de Rafael et Petra ? ","QCM","QCM","QCM");
INSERT INTO QUESTION
VALUES (8,8,"A quel âge Xiomara a-t-elle eu Jane ? ","QCM","QCM","QCM");
INSERT INTO QUESTION
VALUES (9,8,"Quel drame Jane a-t-elle vécu dans la saison 3 ?","QCM","QCM","QCM");
INSERT INTO QUESTION
VALUES (10,8,"Dans la saison 5, sous quel nom Michael revient-il ?","QCM","QCM","OUV");
INSERT INTO QUESTION
VALUES (1,7,"Qui sont le père et le fils dans le groupe de cambrioleurs ?","QCM","QCM","QCM");
INSERT INTO QUESTION
VALUES (2,7,"Combien d’argent ont-ils volé ?","QCM","QCM","QCM");
INSERT INTO QUESTION
VALUES (3,7,"Quelle est la valeur des billets qu’ils ont volé ?","QCM","QCM","QCM");
INSERT INTO QUESTION
VALUES (4,7,"Quel personnage s’est fait tirer dans la jambe ?","QCM","QCM","OUV");
INSERT INTO QUESTION
VALUES (5,7,"Que fait Raquel au professeur ? (2 réponses)","QCM","QCM","QCM");
INSERT INTO QUESTION
VALUES (6,7,"VRAI OU FAUX ? Le vrai nom du professeur est Salvatore.","VF","VF","VF");
INSERT INTO QUESTION
VALUES (7,7,"Dans quelle ville leur maison était-elle située ?","QCM","QCM","QCM");
INSERT INTO QUESTION
VALUES (8,7,"Comment s’appelle l’ex-mari de Raquel ?","QCM","OUV","OUV");
INSERT INTO QUESTION
VALUES (9,7,"VRAI OU FAUX ? L’ex-mari de Raquel est policier.","VF","VF","VF");
INSERT INTO QUESTION
VALUES (10,7,"A cause de quoi Rio se fait repérer par le gouvernement dans la saison 3 ?","QCM","QCM","QCM");
INSERT INTO QUESTION
VALUES (1,2,"Qui Yugo rencontre-t-il dans le tout premier épisode ?","QCM","QCM","QCM");
INSERT INTO QUESTION
VALUES (2,2,"Quand Yugo découvre-t-il son pouvoir ?","QCM","QCM","QCM");
INSERT INTO QUESTION
VALUES (3,2,"Qu’est-ce qui accompagnait Yugo lorsqu’il a été découvert ?","QCM","QCM","QCM");
INSERT INTO QUESTION
VALUES (4,2,"VRAI OU FAUX ? Tristepin est le Dieu Iop.","VF","VF","VF");
INSERT INTO QUESTION
VALUES (5,2,"Combien de membres compte la confrérie du tofu lors de sa création ?","QCM","OUV","OUV");
INSERT INTO QUESTION
VALUES (6,2,"Comment Tristepin a perdu son bras ?","QCM","QCM","QCM");
INSERT INTO QUESTION
VALUES (7,2,"Comment s’appellent les enfants de Tristepin et d’Evangeline ? (2 réponses)","QCM","QCM","QCM");
INSERT INTO QUESTION
VALUES (8,2,"Quel est la classe du père adoptif de Yugo ?","QCM","QCM","OUV");
INSERT INTO QUESTION
VALUES (9,2,"VRAI OU FAUX ? Le premier ennemi que Yugo affronte est le Chêne Mou.","VF","VF","VF");
INSERT INTO QUESTION
VALUES (10,2,"Dans la saison 3, Yugo rejette Amalia pour quelle raison ?","QCM","QCM","QCM");
INSERT INTO QUESTION
VALUES (1,6,"Dans quel parti politique s’engage Thomas Shelby ?","QCM","QCM","QCM");
INSERT INTO QUESTION
VALUES (2,6,"Qui tue l’inspecteur Campbell ?","QCM","OUV","OUV");
INSERT INTO QUESTION
VALUES (3,6,"Dans quel ordre sont nés les Shelby ?","QCM","QCM","QCM");
INSERT INTO QUESTION
VALUES (4,6,"VRAI OU FAUX ? L’enfant de Thomas et Grace s’appelle Charles.","VF","VF","VF");
INSERT INTO QUESTION
VALUES (5,6,"Qui livre Freddie Thorne à la police ?","QCM","QCM","QCM");
INSERT INTO QUESTION
VALUES (6,6,"Quels sont les noms des enfants de Thomas Shelby ?","QCM","QCM","QCM");
INSERT INTO QUESTION
VALUES (7,6,"Quel est le nom du Pub des Shelby ?","QCM","QCM","QCM");
INSERT INTO QUESTION
VALUES (8,6,"VRAI OU FAUX ? Pendant la grande guerre, Thomas Shelby creusait des tranchées.","VF","VF","VF");
INSERT INTO QUESTION
VALUES (9,6,"Quel âge a Finn lors de la première saison ?","QCM","QCM","QCM");
INSERT INTO QUESTION
VALUES (10,6,"En quelle année se déroule la saison 2 ?","QCM","QCM","QCM");
INSERT INTO QUESTION
VALUES (1,5,"Quelle lycéenne a disparu au début de la série ?","QCM","QCM","QCM");
INSERT INTO QUESTION
VALUES (2,5,"Comment s’appelle la ville où se déroule la série ?","QCM","OUV","OUV");
INSERT INTO QUESTION
VALUES (3,5,"Qui est le copain d’Hanna ?","QCM","QCM","QCM");
INSERT INTO QUESTION
VALUES (4,5,"Pourquoi Jenna est-elle aveugle ?","QCM","QCM","QCM");
INSERT INTO QUESTION
VALUES (5,5,"VRAI ou FAUX ? Mona a déjà été “A”.","VF","VF","VF");
INSERT INTO QUESTION
VALUES (6,5,"VRAI ou FAUX ? Aria a eu une liaison avec son professeur de sport.","VF","VF","VF");
INSERT INTO QUESTION
VALUES (7,5,"Comment s’appelle le frère d’Aria ?","QCM","QCM","OUV");
INSERT INTO QUESTION
VALUES (8,5,"De quelle série de romans de Sara Shepard est tirée la série ?","QCM","QCM","QCM");
INSERT INTO QUESTION
VALUES (9,5,"Qui est l’actrice jouant Emily ?","QCM","QCM","QCM");
INSERT INTO QUESTION
VALUES (10,5,"Comment s’appelle le groupe qui chante la chanson du générique ? ","QCM","QCM","QCM");
INSERT INTO QUESTION 
VALUES (1,12,"Dans quel établissement Sheldon, Howard, Raj et Leonard travaillent-ils ?","QCM","QCM","QCM");
INSERT INTO QUESTION 
VALUES (2,12,"VRAI OU FAUX ? Penny et Leonard se sont mariés 2 fois.","VF","VF","VF");
INSERT INTO QUESTION 
VALUES (3,12,"VRAI OU FAUX ? L’ex petit copain de Penny s’appelle Tony. ","VF","VF","VF");
INSERT INTO QUESTION 
VALUES (4,12,"Où Penny travaille-t-elle ?","QCM","OUV","OUV");
INSERT INTO QUESTION 
VALUES (5,12,"Sur quel projet Sheldon travaille-t-il pendant la courte période où il a été renvoyé de l’université après avoir insulté son chef ?","QCM","QCM","OUV");
INSERT INTO QUESTION 
VALUES (6,12,"Comment Raj fait-il pour parler aux femmes","QCM","OUV","OUV");
INSERT INTO QUESTION 
VALUES (7,12,"Leonard et Sheldon possèdent un QI combiné de :","QCM","QCM","QCM");
INSERT INTO QUESTION 
VALUES (8,12,"Dans quel état a grandi Sheldon ?","QCM","QCM","QCM");
INSERT INTO QUESTION 
VALUES (9,12,"A quoi est allergique Sheldon ?","QCM","QCM","QCM");
INSERT INTO QUESTION 
VALUES (10,12,"Comment s’appelle la mère de Leonard ?","QCM","QCM","QCM");
INSERT INTO QUESTION 
VALUES (1,11,"Comment s’appelle le professeur ?","QCM","QCM","QCM");
INSERT INTO QUESTION 
VALUES (2,11,"Quelle proportion (en pourcentage) de la Lune déclare-t-il avoir détruit ?","QCM","OUV","OUV");
INSERT INTO QUESTION 
VALUES (3,11,"En quel mois prévoit-il de détruire la Terre ?","QCM","QCM","OUV");
INSERT INTO QUESTION 
VALUES (4,11,"A quelle vitesse se déplace-t-il ?","QCM","QCM","QCM");
INSERT INTO QUESTION 
VALUES (5,11,"VRAI OU FAUX ? Le professeur enseigne à la classe de 4-E du lycée Kunugigaoka.","VF","VF","VF");
INSERT INTO QUESTION 
VALUES (6,11,"Quelle formation enseigne-t-il aux élèves ?","QCM","QCM","QCM");
INSERT INTO QUESTION 
VALUES (7,11,"Quelle récompense le gouvernement japonais promet-il à celui qui assassinera le professeur ?","QCM","QCM","QCM");
INSERT INTO QUESTION 
VALUES (8,11,"Quelle est la particularité du professeur ?","QCM","QCM","QCM");
INSERT INTO QUESTION 
VALUES (9,11,"Qu'y a-t-il d'écrit sur les armes pour tuer le professeur ?","QCM","QCM","QCM");
INSERT INTO QUESTION 
VALUES (10,11,"VRAI OU FAUX ? Kayano a des tentacules.","VF","VF","VF");
INSERT INTO QUESTION
VALUES(1,13,"De quelle origine est la série ?","QCM","QCM","QCM");
INSERT INTO QUESTION
VALUES(2,13,"Qui sont des boursiers ?","QCM","QCM","QCM");
INSERT INTO QUESTION
VALUES(3,13,"Comment s'appelle le lycée dans lequel se déroule l'histoire ?","QCM","QCM","QCM");
INSERT INTO QUESTION
VALUES(4,13,"Combien d'acteurs de La Casa de Papel retrouve-t-on dans Elite ?","QCM","OUV","OUV");
INSERT INTO QUESTION
VALUES(5,13,"Quelle est l'arme du crime dans la prmeière saison ?","QCM","QCM","QCM");
INSERT INTO QUESTION
VALUES(6,13,"Avec qui Lucrecia a-t-elle eu une relation interdite ?","QCM","QCM","QCM");
INSERT INTO QUESTION
VALUES(7,13,"De quoi est malade Ander dans la saison 3 ?","QCM","QCM","QCM");
INSERT INTO QUESTION
VALUES(8,13,"VRAI OU FAUX ? Polo a tenté de se suicider.","VF","VF","VF");
INSERT INTO QUESTION
VALUES(9,13,"VRAI ou FAUX ? Cayetana est riche.","VF","VF","VF");
INSERT INTO QUESTION
VALUES(10,13,"Qui a disparu dans la saison 2 ?","QCM","QCM","OUV");
INSERT INTO QUESTION
VALUES(1,14,"Comment s'appelle le personnage principal ?","QCM","QCM","QCM");
INSERT INTO QUESTION
VALUES(2,14,"Dans quelle autre série cet acteur a aussi joué ?","QCM","QCM","QCM");
INSERT INTO QUESTION
VALUES(3,14,"VRAI ou FAUX ? Joe a tendance à devenir obsessionnel.","VF","VF","VF");
INSERT INTO QUESTION
VALUES(4,14,"De qui Joe est-il amoureus dans la première saison ?","QCM","QCM","QCM");
INSERT INTO QUESTION
VALUES(5,14,"VRAI ou FAUX ? Peach était secrètement amoureuse de Beck.","VF","VF","VF");
INSERT INTO QUESTION
VALUES(6,14,"Qui Joe a-t-il tué ?","QCM","QCM","QCM");
INSERT INTO QUESTION
VALUES(7,14,"Dans quelle ville se rend Joe à la saison 2 ?","QCM","QCM","QCM");
INSERT INTO QUESTION
VALUES(8,14,"Quel personnage que l'on croyait mort est revenu à la fin de la saison 1 ?","QCM","OUV","OUV");
INSERT INTO QUESTION
VALUES(9,14,"Quel est le métier d'Annika ?","QCM","QCM","OUV");
INSERT INTO QUESTION
VALUES(10,14,"Quel faux nom prend Joe dans la saison 2 ?","QCM","QCM","QCM");
INSERT INTO QUESTION
VALUES(1,15,"Comment s'appellent les rats ?","QCM","QCM","QCM");
INSERT INTO QUESTION
VALUES(2,15,"Qui font les doublages de ces deux rats ?","QCM","QCM","QCM");
INSERT INTO QUESTION
VALUES(3,15,"Où se déroule l'intrigue ?","QCM","QCM","QCM");
INSERT INTO QUESTION
VALUES(4,15,"Que trouve-t-on stocké dans la cale ? ","QCM","QCM","QCM");
INSERT INTO QUESTION
VALUES(5,15,"Comment s'appelle la mécanicienne ?","QCM","QCM","OUV");
INSERT INTO QUESTION
VALUES(6,15,"VRAI ou FAUX ? Svetlana est une ancienne miss monde.","VF","VF","VF");
INSERT INTO QUESTION
VALUES(7,15,"VRAI ou FAUX ? La rat-board de Razmo est plus rapide que celle de Rapido.","VF","VF","VF");
INSERT INTO QUESTION
VALUES(8,15,"Quelles paroles trouve-t-on dans le générique ?","QCM","QCM","QCM");



INSERT INTO REPONSE
VALUES(1,1,1,"Lucas","non");
INSERT INTO REPONSE
VALUES(2,1,1,"Will","non");
INSERT INTO REPONSE
VALUES(3,1,1,"Dustin","oui");
INSERT INTO REPONSE
VALUES(4,1,2,"VRAI","non");
INSERT INTO REPONSE
VALUES(5,1,2,"FAUX","oui");
INSERT INTO REPONSE
VALUES(6,1,3,"Lucas","oui");
INSERT INTO REPONSE
VALUES(7,1,3,"Will","non");
INSERT INTO REPONSE
VALUES(8,1,3,"Dustin","non");
INSERT INTO REPONSE
VALUES(9,1,3,"Steve","non");
INSERT INTO REPONSE
VALUES(10,1,3,"Jonathan","non");
INSERT INTO REPONSE
VALUES(11,1,3,"Nancy","non");
INSERT INTO REPONSE
VALUES(12,1,4,"Dr. Brener","oui");
INSERT INTO REPONSE
VALUES(13,1,4,"Chef Hopper","non");
INSERT INTO REPONSE
VALUES(14,1,4,"Bob Newby","non");
INSERT INTO REPONSE
VALUES(15,1,4,"Dr. Alexei","non");
INSERT INTO REPONSE
VALUES(16,1,4,"Ted Wheeler","non");
INSERT INTO REPONSE
VALUES(17,1,4,"Murray Bauman","non");
INSERT INTO REPONSE
VALUES(18,1,5,"Le sage","non");
INSERT INTO REPONSE
VALUES(19,1,5,"L'éclaireur","non");
INSERT INTO REPONSE
VALUES(20,1,5,"Le guerrier","non");
INSERT INTO REPONSE
VALUES(21,1,5,"Le chasseur","non");
INSERT INTO REPONSE
VALUES(22,1,5,"Le mage","oui");
INSERT INTO REPONSE
VALUES(23,1,5,"Le nomade","non");
INSERT INTO REPONSE
VALUES(24,1,6,"Devenir invisible","non");
INSERT INTO REPONSE
VALUES(25,1,6,"Remonter le temps","non");
INSERT INTO REPONSE
VALUES(26,1,6,"Contrôler les choses à distance","oui");
INSERT INTO REPONSE
VALUES(27,1,6,"Lire dans les pensées","non");
INSERT INTO REPONSE
VALUES(28,1,6,"Contrôler le métal","non");
INSERT INTO REPONSE
VALUES(29,1,6,"Voir des gens à distance grâce à des ondes radio et une photo","oui");
INSERT INTO REPONSE
VALUES(30,1,7,"Pac-Man","non");
INSERT INTO REPONSE
VALUES(31,1,7,"Donkey Kong","non");
INSERT INTO REPONSE
VALUES(32,1,7,"Dig Dug","oui");
INSERT INTO REPONSE
VALUES(33,1,7,"Donjons et Dragons","non");
INSERT INTO REPONSE
VALUES(34,1,7,"Space Invaders","non");
INSERT INTO REPONSE
VALUES(35,1,7,"Pong","non");
INSERT INTO REPONSE
VALUES(36,1,8,"VRAI","oui");
INSERT INTO REPONSE
VALUES(37,1,8,"FAUX","non");
INSERT INTO REPONSE
VALUES(38,1,9,"Pissenlit","non");
INSERT INTO REPONSE
VALUES(39,1,9,"Coquelicot","non");
INSERT INTO REPONSE
VALUES(40,1,9,"Pâquerette","non");
INSERT INTO REPONSE
VALUES(41,1,9,"Tournesol","oui");
INSERT INTO REPONSE
VALUES(42,1,10,"Une vitrine de magasin","non");
INSERT INTO REPONSE
VALUES(43,1,10,"Le tableau de sa classe","non");
INSERT INTO REPONSE
VALUES(44,1,10,"Le mur de la maison de Nancy","non");
INSERT INTO REPONSE
VALUES(45,1,10,"Un panneau de cinéma","oui");
INSERT INTO REPONSE
VALUES(46,1,10,"Un mur de l'école","non");
INSERT INTO REPONSE
VALUES(47,1,10,"Un panneau publicitaire","non");
INSERT INTO REPONSE
VALUES(48,3,1,"Verte","oui");
INSERT INTO REPONSE
VALUES(49,3,1,"Jaune","non");
INSERT INTO REPONSE
VALUES(50,3,1,"Rouge","non");
INSERT INTO REPONSE
VALUES(51,3,1,"Bleue","non");
INSERT INTO REPONSE
VALUES(52,3,1,"Orange","non");
INSERT INTO REPONSE
VALUES(53,3,1,"Violette","non");
INSERT INTO REPONSE
VALUES(54,3,2,"Jerry","oui");
INSERT INTO REPONSE
VALUES(55,3,2,"Tom","non");
INSERT INTO REPONSE
VALUES(56,3,2,"Jack","non");
INSERT INTO REPONSE
VALUES(57,3,3,"Le compoudrier","oui");
INSERT INTO REPONSE
VALUES(58,3,3,"Le rouge à lèvre laser","non");
INSERT INTO REPONSE
VALUES(59,3,3,"Un iPhone","non");
INSERT INTO REPONSE
VALUES(60,3,3,"Un talkie walkie","non");
INSERT INTO REPONSE
VALUES(61,3,3,"Une barrette à cheveux","non");
INSERT INTO REPONSE
VALUES(62,3,3,"Un stylo connecté","non");
INSERT INTO REPONSE
VALUES(63,3,4,"Drôle de dames","oui");
INSERT INTO REPONSE
VALUES(64,3,4,"Dallas","non");
INSERT INTO REPONSE
VALUES(65,3,4,"La famille Addams","non");
INSERT INTO REPONSE
VALUES(66,3,4,"Ghost Busters","non");
INSERT INTO REPONSE
VALUES(67,3,4,"Le Muppet Show","non");
INSERT INTO REPONSE
VALUES(68,3,4,"Max la Menace","non");
INSERT INTO REPONSE
VALUES(69,3,5,"Les garçons","oui");
INSERT INTO REPONSE
VALUES(70,3,5,"Le shopping","oui");
INSERT INTO REPONSE
VALUES(71,3,5,"Le dessin","non");
INSERT INTO REPONSE
VALUES(72,3,5,"Le kung fu","non");
INSERT INTO REPONSE
VALUES(73,3,5,"Le sport","non");
INSERT INTO REPONSE
VALUES(74,3,5,"Les sciences","non");
INSERT INTO REPONSE
VALUES(75,3,6,"Mandy","oui");
INSERT INTO REPONSE
VALUES(76,3,6,"Mindy","non");
INSERT INTO REPONSE
VALUES(77,3,6,"Millie","non");
INSERT INTO REPONSE
VALUES(78,3,6,"Molly","non");
INSERT INTO REPONSE
VALUES(79,3,7,"Beverlly Hills","oui");
INSERT INTO REPONSE
VALUES(80,3,7,"Malibu","non");
INSERT INTO REPONSE
VALUES(81,3,7,"San Francisco","non");
INSERT INTO REPONSE
VALUES(82,3,7,"New-York","non");
INSERT INTO REPONSE
VALUES(83,3,7,"Miami","non");
INSERT INTO REPONSE
VALUES(84,3,7,"Chicago","non");
INSERT INTO REPONSE
VALUES(85,3,8,"VRAI","non");
INSERT INTO REPONSE
VALUES(86,3,8,"FAUX","oui");
INSERT INTO REPONSE
VALUES(87,3,9,"VRAI","oui");
INSERT INTO REPONSE
VALUES(88,3,9,"FAUX","non");
INSERT INTO REPONSE
VALUES(89,3,10,"Anglaise","oui");
INSERT INTO REPONSE
VALUES(90,3,10,"Française","non");
INSERT INTO REPONSE
VALUES(91,3,10,"Allemande","non");
INSERT INTO REPONSE
VALUES(92,3,10,"Américaine","non");
INSERT INTO REPONSE
VALUES(93,3,10,"Australienne","non");
INSERT INTO REPONSE
VALUES(94,3,10,"Suisse","non");
INSERT INTO REPONSE
VALUES(95,4,1,"12","oui");
INSERT INTO REPONSE
VALUES(96,4,1,"13","non");
INSERT INTO REPONSE
VALUES(97,4,1,"8","non");
INSERT INTO REPONSE
VALUES(98,4,1,"6","non");
INSERT INTO REPONSE
VALUES(99,4,1,"9","non");
INSERT INTO REPONSE
VALUES(100,4,1,"5","non");
INSERT INTO REPONSE
VALUES(101,4,2,"Jaha","oui");
INSERT INTO REPONSE
VALUES(102,4,2,"Kane","non");
INSERT INTO REPONSE
VALUES(103,4,2,"Abby","non");
INSERT INTO REPONSE
VALUES(104,4,2,"Jake","non");
INSERT INTO REPONSE
VALUES(105,4,2,"Pike","non");
INSERT INTO REPONSE
VALUES(106,4,2,"Lincoln","non");
INSERT INTO REPONSE
VALUES(107,4,3,"Des prisonniers","oui");
INSERT INTO REPONSE
VALUES(108,4,3,"Des étudiants","non");
INSERT INTO REPONSE
VALUES(109,4,3,"Des sportifs","non");
INSERT INTO REPONSE
VALUES(110,4,3,"Des artistes","non");
INSERT INTO REPONSE
VALUES(111,4,3,"Des extraterrestres","non");
INSERT INTO REPONSE
VALUES(112,4,3,"Des geeks","non");
INSERT INTO REPONSE
VALUES(113,4,4,"VRAI","non");
INSERT INTO REPONSE
VALUES(114,4,4,"FAUX","oui");
INSERT INTO REPONSE
VALUES(115,4,5,"VRAI","oui");
INSERT INTO REPONSE
VALUES(116,4,5,"FAUX","non");
INSERT INTO REPONSE
VALUES(117,4,6,"A.L.I.E.","oui");
INSERT INTO REPONSE
VALUES(118,4,6,"E.L.I.E.","non");
INSERT INTO REPONSE
VALUES(119,4,6,"A.D.I.E.","non");
INSERT INTO REPONSE
VALUES(120,4,6,"E.D.I.E.","non");
INSERT INTO REPONSE
VALUES(121,4,6,"O.L.I.E.","non");
INSERT INTO REPONSE
VALUES(122,4,6,"A.L.O.E.","non");
INSERT INTO REPONSE
VALUES(123,4,7,"Indra","oui");
INSERT INTO REPONSE
VALUES(124,4,7,"Lexa","non");
INSERT INTO REPONSE
VALUES(125,4,7,"Echo","non");
INSERT INTO REPONSE
VALUES(126,4,8,"Lexa","oui");
INSERT INTO REPONSE
VALUES(127,4,8,"Madi","non");
INSERT INTO REPONSE
VALUES(128,4,8,"Ontari","non");
INSERT INTO REPONSE
VALUES(129,4,8,"Luna","non");
INSERT INTO REPONSE
VALUES(130,4,9,"Clarke","oui");
INSERT INTO REPONSE
VALUES(131,4,9,"Raven","non");
INSERT INTO REPONSE
VALUES(132,4,9,"Bellamy","non");
INSERT INTO REPONSE
VALUES(133,4,9,"Echo","non");
INSERT INTO REPONSE
VALUES(134,4,9,"Murphy","non");
INSERT INTO REPONSE
VALUES(135,4,9,"Octavia","non");
INSERT INTO REPONSE
VALUES(136,4,10,"La loi interdisait d'avoir plus d'un enfant","oui");
INSERT INTO REPONSE
VALUES(137,4,10,"Elle avait volé des médicaments pour sa mère","non");
INSERT INTO REPONSE
VALUES(138,4,10,"Elle a tué quelqu'un","non");
INSERT INTO REPONSE
VALUES(139,4,10,"Elle a insulté le chancelier","non");
INSERT INTO REPONSE
VALUES(140,4,10,"Elle a trouvé des informations confidentielles du conseil","non");
INSERT INTO REPONSE
VALUES(141,4,10,"Elle a été à l’école avec une arme","non");
INSERT INTO REPONSE
VALUES(142,10,1,"7 octobre","non");
INSERT INTO REPONSE
VALUES (143,10,1,"7 septembre","oui");
INSERT INTO REPONSE
VALUES(144,10,1,"15 septembre ","non");
INSERT INTO REPONSE
VALUES(145,10,1,"15 novembre","non");
INSERT INTO REPONSE
VALUES(146,10,1,"15 octobre","non");
INSERT INTO REPONSE
VALUES(147,10,1,"7 novembre","non");
INSERT INTO REPONSE
VALUES (148,10,2,"VRAI","non");
INSERT INTO REPONSE
VALUES (149,10,2,"FAUX","oui");
INSERT INTO REPONSE
VALUES (150,10,3,"VRAI","non");
INSERT INTO REPONSE
VALUES (151,10,3,"FAUX","oui");
INSERT INTO REPONSE
VALUES(152,10,4,"Gray Matter Technologie","oui");
INSERT INTO REPONSE
VALUES(153,10,4,"Blackbills Technologie","non");
INSERT INTO REPONSE
VALUES(154,10,4,"Los Pollos Hermanos","non");
INSERT INTO REPONSE
VALUES (155,10,5,"Holly","oui");
INSERT INTO REPONSE
VALUES (156,10,5,"Ellie","non");
INSERT INTO REPONSE
VALUES (157,10,5,"Molly","non");
INSERT INTO REPONSE
VALUES (158,10,5,"Jolly","non");
INSERT INTO REPONSE
VALUES (159,10,6,"Cancer des poumons","oui");
INSERT INTO REPONSE
VALUES (160,10,6,"Cancer de la prostate","non");
INSERT INTO REPONSE
VALUES (161,10,6,"Cancer des reins","non");
INSERT INTO REPONSE
VALUES(162,10,7,"Hector","oui");
INSERT INTO REPONSE
VALUES(163,10,7,"Tuco","non");
INSERT INTO REPONSE
VALUES(164,10,7,"Gustavo","non");
INSERT INTO REPONSE
VALUES(165,10,7,"Hank","non");
INSERT INTO REPONSE
VALUES(166,10,7,"Emilio","non");
INSERT INTO REPONSE
VALUES(167,10,7,"Jack","non");
INSERT INTO REPONSE
VALUES(168,10,8,"Albuquerque","oui");
INSERT INTO REPONSE
VALUES(169,10,8,"Mexico","non");
INSERT INTO REPONSE
VALUES(170,10,8,"Orlando","non");
INSERT INTO REPONSE
VALUES(171,10,8,"Quantico","non");
INSERT INTO REPONSE
VALUES(172,10,8,"Phoenix","non");
INSERT INTO REPONSE
VALUES(173,10,8,"Tucson","non");
INSERT INTO REPONSE
VALUES(174,10,9,"52","oui");
INSERT INTO REPONSE
VALUES(175,10,9,"51","non");
INSERT INTO REPONSE
VALUES(176,10,9,"53","non");
INSERT INTO REPONSE
VALUES(177,10,9,"54","non");
INSERT INTO REPONSE
VALUES(178,10,9,"55","non");
INSERT INTO REPONSE
VALUES(179,10,9,"56","non");
INSERT INTO REPONSE
VALUES(180,10,10,"CaptainCook","oui");
INSERT INTO REPONSE
VALUES(181,10,10,"Le Cuisinier","non");
INSERT INTO REPONSE
VALUES(182,10,10,"CrystalMaster","non");
INSERT INTO REPONSE
VALUES(183,10,10,"Met'former","non");
INSERT INTO REPONSE
VALUES(184,10,10,"L'As d'Albuquerque","non");
INSERT INTO REPONSE
VALUES(185,10,10,"Le lion de la street","non");
INSERT INTO REPONSE
VALUES(186,9,1,"Neil Patrick Harris","oui");
INSERT INTO REPONSE
VALUES(187,9,1,"Josh Radnor","non");
INSERT INTO REPONSE
VALUES(188,9,1,"David Henrie","non");
INSERT INTO REPONSE
VALUES(189,9,1,"Daniel Radcliffe","non");
INSERT INTO REPONSE
VALUES(190,9,1,"Johnny Galecki","non");
INSERT INTO REPONSE
VALUES(191,9,1,"Johnny Depp","non");
INSERT INTO REPONSE
VALUES(192,9,2,"2030","oui");
INSERT INTO REPONSE
VALUES(193,9,2,"2010","non");
INSERT INTO REPONSE
VALUES(194,9,2,"2000","non");
INSERT INTO REPONSE
VALUES(195,9,2,"2005","non");
INSERT INTO REPONSE
VALUES(196,9,2,"2040","non");
INSERT INTO REPONSE
VALUES(197,9,2,"2015","non");
INSERT INTO REPONSE
VALUES(198,9,3,"VRAI","non");
INSERT INTO REPONSE
VALUES(199,9,3,"FAUX","oui");
INSERT INTO REPONSE
VALUES (200,9,4,"Architecte","oui");
INSERT INTO REPONSE
VALUES (201,9,4,"Ingénieur","non");
INSERT INTO REPONSE
VALUES (202,9,4,"Avocat","non");
INSERT INTO REPONSE
VALUES(203,9,5,"Canada","oui");
INSERT INTO REPONSE
VALUES(204,9,5,"Brésil","non");
INSERT INTO REPONSE
VALUES(205,9,5,"Danemark","non");
INSERT INTO REPONSE
VALUES(206,9,5,"Mexique","non");
INSERT INTO REPONSE
VALUES(207,9,5,"Russie","non");
INSERT INTO REPONSE
VALUES(208,9,5,"Australie","non");
INSERT INTO REPONSE
VALUES(209,9,6,"Ted","oui");
INSERT INTO REPONSE
VALUES(210,9,6,"Marshall","non");
INSERT INTO REPONSE
VALUES(211,9,6,"Barney","oui");
INSERT INTO REPONSE
VALUES(212,9,6,"le Capitaine","non");
INSERT INTO REPONSE
VALUES(213,9,6,"Ranjit","non");
INSERT INTO REPONSE
VALUES(214,9,6,"Scooter","non");
INSERT INTO REPONSE
VALUES(215,9,7,"New-York","oui");
INSERT INTO REPONSE
VALUES(216,9,7,"San Francsico","non");
INSERT INTO REPONSE
VALUES(217,9,7,"Miami","non");
INSERT INTO REPONSE
VALUES(218,9,7,"Los Angeles","non");
INSERT INTO REPONSE
VALUES(219,9,7,"Philadelphie","non");
INSERT INTO REPONSE
VALUES(220,9,7,"Chicago","non");
INSERT INTO REPONSE
VALUES(221,9,8,"La magie","oui");
INSERT INTO REPONSE
VALUES(222,9,8,"La danse","non");
INSERT INTO REPONSE
VALUES(223,9,8,"Le patinage artistique","non");
INSERT INTO REPONSE
VALUES(224,9,8,"Le dessin","non");
INSERT INTO REPONSE
VALUES(225,9,8,"Le piano","non");
INSERT INTO REPONSE
VALUES(226,9,8,"Le karaté","non");
INSERT INTO REPONSE
VALUES(227,9,9,"Le hockey","oui");
INSERT INTO REPONSE
VALUES(228,9,9,"Le patinage artistique","non");
INSERT INTO REPONSE
VALUES(229,9,9,"La danse","non");
INSERT INTO REPONSE
VALUES(230,9,9,"La boxe","non");
INSERT INTO REPONSE
VALUES(231,9,9,"La natation","non");
INSERT INTO REPONSE
VALUES(232,9,9,"Le football américain","non");
INSERT INTO REPONSE
VALUES(233,9,10,"Jaune","oui");
INSERT INTO REPONSE
VALUES(234,9,10,"Rouge","non");
INSERT INTO REPONSE
VALUES(235,9,10,"Vert","non");
INSERT INTO REPONSE
VALUES(236,9,10,"Bleu","non");
INSERT INTO REPONSE
VALUES(237,8,1,"VRAI","oui");
INSERT INTO REPONSE
VALUES(238,8,1,"FAUX","non");
INSERT INTO REPONSE
VALUES(239,8,2,"Un acteur de télénovela connu","oui");
INSERT INTO REPONSE
VALUES(240,8,2,"Un athlète","non");
INSERT INTO REPONSE
VALUES(241,8,2,"Uns star du rock","non");
INSERT INTO REPONSE
VALUES(242,8,2,"Un fermier","non");
INSERT INTO REPONSE
VALUES(243,8,2,"Un écrivain","non");
INSERT INTO REPONSE
VALUES(245,8,2,"Un criminel","non");
INSERT INTO REPONSE
VALUES(246,8,3,"Natalia","oui");
INSERT INTO REPONSE
VALUES(247,8,3,"Rosa","non");
INSERT INTO REPONSE
VALUES(248,8,3,"Carolina","non");
INSERT INTO REPONSE
VALUES(249,8,3,"Virginia","non");
INSERT INTO REPONSE
VALUES(250,8,3,"Anežka","non");
INSERT INTO REPONSE
VALUES(251,8,3,"Magda","non");
INSERT INTO REPONSE
VALUES(252,8,4,"République Tchèque","oui");
INSERT INTO REPONSE
VALUES(253,8,4,"Roumanie","non");
INSERT INTO REPONSE
VALUES(254,8,4,"Hongrie","non");
INSERT INTO REPONSE
VALUES(255,8,4,"Slovaquie","non");
INSERT INTO REPONSE
VALUES(256,8,4,"Pologne","non");
INSERT INTO REPONSE
VALUES(257,8,4,"Russie","non");
INSERT INTO REPONSE
VALUES(258,8,5,"Mateo","oui");
INSERT INTO REPONSE
VALUES(259,8,5,"Bruno","non");
INSERT INTO REPONSE
VALUES(260,8,5,"Diego","non");
INSERT INTO REPONSE
VALUES(261,8,6,"VRAI","oui");
INSERT INTO REPONSE
VALUES(262,8,6,"FAUX","non");
INSERT INTO REPONSE
VALUES(263,8,7,"Le Marbella","oui");
INSERT INTO REPONSE
VALUES(264,8,7,"La Mirabelle","non");
INSERT INTO REPONSE
VALUES(265,8,7,"Le Pomella","non");
INSERT INTO REPONSE
VALUES(266,8,7,"Le Barmella","non");
INSERT INTO REPONSE
VALUES(267,8,7,"Le Rigatella","non");
INSERT INTO REPONSE
VALUES(268,8,7,"Le Prunella","non");
INSERT INTO REPONSE
VALUES(269,8,8,"15","non");
INSERT INTO REPONSE
VALUES(270,8,8,"16","non");
INSERT INTO REPONSE
VALUES(271,8,8,"17","oui");
INSERT INTO REPONSE
VALUES(272,8,8,"18","non");
INSERT INTO REPONSE
VALUES(273,8,8,"19","non");
INSERT INTO REPONSE
VALUES(274,8,8,"20","non");
INSERT INTO REPONSE
VALUES(275,8,9,"La mort de son mari","oui");
INSERT INTO REPONSE
VALUES(276,8,9,"La mort de son père","non");
INSERT INTO REPONSE
VALUES(277,8,9,"La mort de sa grand mère","non");
INSERT INTO REPONSE
VALUES(278,8,9,"Le kidnapping de son fils","non");
INSERT INTO REPONSE
VALUES(279,8,9,"La maladie de sa mère","non");
INSERT INTO REPONSE
VALUES(280,8,9,"La séparation de ses parents","non");
INSERT INTO REPONSE
VALUES(281,8,10,"Jason","oui");
INSERT INTO REPONSE
VALUES(282,8,10,"Jack","non");
INSERT INTO REPONSE
VALUES(283,8,10,"Jordan","non");
INSERT INTO REPONSE
VALUES(284,8,10,"Jamy","non");
INSERT INTO REPONSE
VALUES(285,7,1,"Denver et Moscou","oui");
INSERT INTO REPONSE
VALUES(286,7,1,"Oslo et Berlin","non");
INSERT INTO REPONSE
VALUES(287,7,1,"Denver et Berlin","non");
INSERT INTO REPONSE
VALUES(288,7,1,"Moscou et Rio","non");
INSERT INTO REPONSE
VALUES(289,7,1,"Helsinki et Rio","non");
INSERT INTO REPONSE
VALUES(290,7,1,"Oslo et Moscou","non");
INSERT INTO REPONSE
VALUES(291,7,2,"900 000 000 €","oui");
INSERT INTO REPONSE
VALUES(292,7,2,"900 000 000 $","non");
INSERT INTO REPONSE
VALUES(293,7,2,"1 000 000 000 £","non");
INSERT INTO REPONSE
VALUES(294,7,2,"1 000 000 000 €","non");
INSERT INTO REPONSE
VALUES(295,7,2,"950 000 000 $","non");
INSERT INTO REPONSE
VALUES(296,7,2,"950 000 000 £","non");
INSERT INTO REPONSE
VALUES(297,7,3,"Des pièces de 2 €","non");
INSERT INTO REPONSE
VALUES(298,7,3,"5 €","non");
INSERT INTO REPONSE
VALUES(299,7,3,"10 €","non");
INSERT INTO REPONSE
VALUES(300,7,3,"50 €","oui");
INSERT INTO REPONSE
VALUES(301,7,3,"100 €","non");
INSERT INTO REPONSE
VALUES(302,7,3,"500 €","non");
INSERT INTO REPONSE
VALUES(303,7,4,"Monica","oui");
INSERT INTO REPONSE
VALUES(304,7,4,"Berlin","non");
INSERT INTO REPONSE
VALUES(305,7,4,"Raquel","non");
INSERT INTO REPONSE
VALUES(306,7,4,"Moscou","non");
INSERT INTO REPONSE
VALUES(307,7,5,"Elle le mord","oui");
INSERT INTO REPONSE
VALUES(308,7,5,"Elle le dénonce","non");
INSERT INTO REPONSE
VALUES(309,7,5,"Elle lui fait une clef de bras","non");
INSERT INTO REPONSE
VALUES(310,7,5,"Elle l'embrasse","oui");
INSERT INTO REPONSE
VALUES(311,7,5,"Elle le menace de le tuer","non");
INSERT INTO REPONSE
VALUES(312,7,5,"Elle le demande en mariage","non");
INSERT INTO REPONSE
VALUES(313,7,6,"VRAI","non");
INSERT INTO REPONSE
VALUES(314,7,6,"FAUX","oui");
INSERT INTO REPONSE
VALUES(315,7,7,"Tolède","oui");
INSERT INTO REPONSE
VALUES(316,7,7,"Tolado","non");
INSERT INTO REPONSE
VALUES(317,7,7,"Toludè","non");
INSERT INTO REPONSE
VALUES(318,7,7,"Tolade","non");
INSERT INTO REPONSE
VALUES(319,7,7,"Tèlode","non");
INSERT INTO REPONSE
VALUES(320,7,7,"Talède","non");
INSERT INTO REPONSE
VALUES(321,7,8,"Roberto","oui");
INSERT INTO REPONSE
VALUES(322,7,8,"Bruno","non");
INSERT INTO REPONSE
VALUES(323,7,8,"Sergio","non");
INSERT INTO REPONSE
VALUES(324,7,9,"VRAI","non");
INSERT INTO REPONSE
VALUES(325,7,9,"FAUX","oui");
INSERT INTO REPONSE
VALUES(326,7,10,"Un téléphone","oui");
INSERT INTO REPONSE
VALUES(327,7,10,"Une radio","non");
INSERT INTO REPONSE
VALUES(328,7,10,"Un talkie-walkie","non");
INSERT INTO REPONSE
VALUES(329,7,10,"Un ordinateur","non");
INSERT INTO REPONSE
VALUES(330,7,10,"Une montre connectée","non");
INSERT INTO REPONSE
VALUES(331,7,10,"Une play-station","non");
INSERT INTO REPONSE
VALUES(332,2,1,"Evangeline et Amalia","non");
INSERT INTO REPONSE
VALUES(333,2,1,"Ruel et Tristepin","oui");
INSERT INTO REPONSE
VALUES(334,2,1,"Evangeline et Ruel","non");
INSERT INTO REPONSE
VALUES(335,2,1,"Amalia et Ruel","non");
INSERT INTO REPONSE
VALUES(336,2,1,"Tristepin et Amalia","non");
INSERT INTO REPONSE
VALUES(337,2,1,"Tristepin et Evangeline","non");
INSERT INTO REPONSE
VALUES(338,2,2,"Pendant qu’il prépare du pain","non");
INSERT INTO REPONSE
VALUES(339,2,2,"Pendant qu’il nettoie la vaisselle","non");
INSERT INTO REPONSE
VALUES(340,2,2,"Pendant qu’il prépare un plat pour un client","oui");
INSERT INTO REPONSE
VALUES(341,2,2,"Pendant qu’il prépare une pizza","non");
INSERT INTO REPONSE
VALUES(342,2,2,"Pendant qu’il s’amuse avec Az","non");
INSERT INTO REPONSE
VALUES(343,2,2,"Pendant qu’il se bat contre Tristepin contrôlé par Rubilax","non");
INSERT INTO REPONSE
VALUES(344,2,3,"Une plume bleue","oui");
INSERT INTO REPONSE
VALUES(345,2,3,"Une plume de tofu","non");
INSERT INTO REPONSE
VALUES(346,2,3,"Une anneau de wakfu","non");
INSERT INTO REPONSE
VALUES(347,2,3,"Un tablier bleu","non");
INSERT INTO REPONSE
VALUES(348,2,3,"Une pelle dorée","non");
INSERT INTO REPONSE
VALUES(349,2,3,"Un tablier blanc","non");
INSERT INTO REPONSE
VALUES(350,2,4,"VRAI","oui");
INSERT INTO REPONSE
VALUES(351,2,4,"FAUX","non");
INSERT INTO REPONSE
VALUES(352,2,5,"4","non");
INSERT INTO REPONSE
VALUES(353,2,5,"5","non");
INSERT INTO REPONSE
VALUES(354,2,5,"6","oui");
INSERT INTO REPONSE
VALUES(355,2,6,"En se battant contre un dragon","oui");
INSERT INTO REPONSE
VALUES(356,2,6,"En se battant contre Ogrest","non");
INSERT INTO REPONSE
VALUES(357,2,6,"En se battant contre Adamaï","non");
INSERT INTO REPONSE
VALUES(358,2,6,"En se disputant avec Rubilax","non");
INSERT INTO REPONSE
VALUES(359,2,6,"En essayant d’ouvrir un des six dofus primordiaux","non");
INSERT INTO REPONSE
VALUES(360,2,6,"En essayant d’ouvrir un des six dofus éliatropes","non");
INSERT INTO REPONSE
VALUES(361,2,7,"Marie","oui");
INSERT INTO REPONSE
VALUES(362,2,7,"Flopin","non");
INSERT INTO REPONSE
VALUES(363,2,7,"Armand","non");
INSERT INTO REPONSE
VALUES(364,2,7,"Adamaï","non");
INSERT INTO REPONSE
VALUES(365,2,7,"Otomaï","non");
INSERT INTO REPONSE
VALUES(366,2,7,"Elely","oui");
INSERT INTO REPONSE
VALUES(367,2,8,"Iop","non");
INSERT INTO REPONSE
VALUES(368,2,8,"Eliatrope","non");
INSERT INTO REPONSE
VALUES(369,2,8,"Enutrof","oui");
INSERT INTO REPONSE
VALUES(370,2,8,"Cra","non");
INSERT INTO REPONSE
VALUES(371,2,9,"VRAI","non");
INSERT INTO REPONSE
VALUES(372,2,9,"FAUX","oui");
INSERT INTO REPONSE
VALUES(373,2,10,"Il est trop jeune pour elle","non");
INSERT INTO REPONSE
VALUES(374,2,10,"Il a l’impression qu’il lui reste énormément à vivre","oui");
INSERT INTO REPONSE
VALUES(375,2,10,"Il est fâché qu’elle ait accepté d’épouser le prince de Frigost","non");
INSERT INTO REPONSE
VALUES(376,2,10,"Il ne l’aime pas","non");
INSERT INTO REPONSE
VALUES(377,2,10,"Il aime une autre fille","non");
INSERT INTO REPONSE
VALUES(378,2,10,"Les éliatropes ne peuvent tomber pas amoureux","non");
INSERT INTO REPONSE
VALUES(379,6,1,"Parti communiste","non");
INSERT INTO REPONSE
VALUES(380,6,1,"Parti libéral","non");
INSERT INTO REPONSE
VALUES(381,6,1,"Parti travailliste","oui");
INSERT INTO REPONSE
VALUES(382,6,1,"Parti conservateur","non");
INSERT INTO REPONSE
VALUES(383,6,1,"Parti démocrate","non");
INSERT INTO REPONSE
VALUES(384,6,1,"Parti socialiste","non");
INSERT INTO REPONSE
VALUES(385,6,2,"Grace","oui");
INSERT INTO REPONSE
VALUES(386,6,2,"Polly","non");
INSERT INTO REPONSE
VALUES(387,6,2,"Thomas","non");
INSERT INTO REPONSE
VALUES(388,6,3,"Arthur-Thomas-John-Ada-Finn","oui");
INSERT INTO REPONSE
VALUES(389,6,3,"Arthur-Thomas-Ada-John-Finn","non");
INSERT INTO REPONSE
VALUES(390,6,3,"Thomas-Arthur-John-Ada-Finn","non");
INSERT INTO REPONSE
VALUES(391,6,3,"Thomas-Arthur-Ada-John-Finn","non");
INSERT INTO REPONSE
VALUES(392,6,3,"Arthur-Thomas-Ada-Finn-John","non");
INSERT INTO REPONSE
VALUES(393,6,3,"Arthur-Thomas-Finn-Ada-John","non");
INSERT INTO REPONSE
VALUES(394,6,4,"VRAI","non");
INSERT INTO REPONSE
VALUES(395,6,4,"FAUX","oui");
INSERT INTO REPONSE
VALUES(396,6,5,"Polly","non");
INSERT INTO REPONSE
VALUES(397,6,5,"La police le savait déjà","non");
INSERT INTO REPONSE
VALUES(398,6,5,"Thomas","non");
INSERT INTO REPONSE
VALUES(399,6,5,"Arthur","non");
INSERT INTO REPONSE
VALUES(400,6,5,"Grace","oui");
INSERT INTO REPONSE
VALUES(401,6,5,"Il se livre lui-même","non");
INSERT INTO REPONSE
VALUES(402,6,6,"Ruby","oui");
INSERT INTO REPONSE
VALUES(403,6,6,"Charlie","oui");
INSERT INTO REPONSE
VALUES(404,6,6,"Clara","non");
INSERT INTO REPONSE
VALUES(405,6,6,"Georges","non");
INSERT INTO REPONSE
VALUES(406,6,6,"Charlotte","non");
INSERT INTO REPONSE
VALUES(407,6,6,"Albert","non");
INSERT INTO REPONSE
VALUES(408,6,7,"The Garrison Pub","oui");
INSERT INTO REPONSE
VALUES(409,6,7,"The Two Horses Pub","non");
INSERT INTO REPONSE
VALUES(410,6,7,"The Birmingham Pub","non");
INSERT INTO REPONSE
VALUES(411,6,7,"The Irish Pub","non");
INSERT INTO REPONSE
VALUES(412,6,7,"The Red Hand Pub","non");
INSERT INTO REPONSE
VALUES(413,6,7,"The Shelby Pub","non");
INSERT INTO REPONSE
VALUES(414,6,8,"VRAI","non");
INSERT INTO REPONSE
VALUES(415,6,8,"FAUX","oui");
INSERT INTO REPONSE
VALUES(416,6,9,"7 ans","non");
INSERT INTO REPONSE
VALUES(417,6,9,"8 ans","non");
INSERT INTO REPONSE
VALUES(418,6,9,"9 ans","non");
INSERT INTO REPONSE
VALUES(419,6,9,"10 ans","non");
INSERT INTO REPONSE
VALUES(420,6,9,"11 ans","oui");
INSERT INTO REPONSE
VALUES(421,6,9,"12 ans","non");
INSERT INTO REPONSE
VALUES(422,6,10,"1922","oui");
INSERT INTO REPONSE
VALUES(423,6,10,"1923","non");
INSERT INTO REPONSE
VALUES(424,6,10,"1924","non");
INSERT INTO REPONSE
VALUES(425,6,10,"1925","non");
INSERT INTO REPONSE
VALUES(426,6,10,"1926","non");
INSERT INTO REPONSE
VALUES(427,6,10,"1927","non");
INSERT INTO REPONSE
VALUES(428,5,1,"Alison","oui");
INSERT INTO REPONSE
VALUES(429,5,1,"Aria","non");
INSERT INTO REPONSE
VALUES(430,5,1,"Spencer","non");
INSERT INTO REPONSE
VALUES(431,5,1,"Emily","non");
INSERT INTO REPONSE
VALUES(432,5,1,"Mona","non");
INSERT INTO REPONSE
VALUES(433,5,1,"Hanna","non");
INSERT INTO REPONSE
VALUES(434,5,2,"Rosewood","oui");
INSERT INTO REPONSE
VALUES(435,5,2,"Ravenswood","non");
INSERT INTO REPONSE
VALUES(436,5,2,"Greendale","non");
INSERT INTO REPONSE
VALUES(437,5,3,"Caleb","oui");
INSERT INTO REPONSE
VALUES(438,5,3,"Toby","non");
INSERT INTO REPONSE
VALUES(439,5,3,"Ezra","non");
INSERT INTO REPONSE
VALUES(440,5,3,"Wren","non");
INSERT INTO REPONSE
VALUES(441,5,3,"Jason","non");
INSERT INTO REPONSE
VALUES(442,5,3,"Ian","non");
INSERT INTO REPONSE
VALUES(443,5,4,"A cause d’une blague des filles ayant mal tourné","oui");
INSERT INTO REPONSE
VALUES(444,5,4,"Elle est aveugle de naissance","non");
INSERT INTO REPONSE
VALUES(445,5,4,"A cause d’une maladie","non");
INSERT INTO REPONSE
VALUES(446,5,4,"A cause d’un accident de voiture","non");
INSERT INTO REPONSE
VALUES(447,5,4,"Toby l’a rendue aveugle par accident","non");
INSERT INTO REPONSE
VALUES(448,5,4,"Elle s’est brûlé les yeux","non");
INSERT INTO REPONSE
VALUES(449,5,5,"VRAI","oui");
INSERT INTO REPONSE
VALUES(450,5,5,"FAUX","non");
INSERT INTO REPONSE
VALUES(451,5,6,"VRAI","non");
INSERT INTO REPONSE
VALUES(452,5,6,"FAUX","oui");
INSERT INTO REPONSE
VALUES(453,5,7,"Mike","oui");
INSERT INTO REPONSE
VALUES(454,5,7,"Wren","non");
INSERT INTO REPONSE
VALUES(455,5,7,"Toby","non");
INSERT INTO REPONSE
VALUES(456,5,7,"Ian","non");
INSERT INTO REPONSE
VALUES(457,5,8,"Les Menteuses","oui");
INSERT INTO REPONSE
VALUES(458,5,8,"Les Perfectionnistes","non");
INSERT INTO REPONSE
VALUES(459,5,8,"The Lying Game","non");
INSERT INTO REPONSE
VALUES(460,5,8,"The Heiresses","non");
INSERT INTO REPONSE
VALUES(461,5,8,"Les Amateurs","non");
INSERT INTO REPONSE
VALUES(462,5,8,"The Visibles","non");
INSERT INTO REPONSE
VALUES(463,5,9,"Shay Mitchell","oui");
INSERT INTO REPONSE
VALUES(464,5,9,"Lucy Hale","non");
INSERT INTO REPONSE
VALUES(465,5,9,"Ashley Benson","non");
INSERT INTO REPONSE
VALUES(466,5,9,"Janel Perrish","non");
INSERT INTO REPONSE
VALUES(467,5,9,"Troian Bellisario","non");
INSERT INTO REPONSE
VALUES(468,5,9,"Sasha Pieterse","non");
INSERT INTO REPONSE
VALUES(469,5,10,"The Pierces","oui");
INSERT INTO REPONSE
VALUES(470,5,10,"One Direction","non");
INSERT INTO REPONSE
VALUES(471,5,10,"Katzenjammer","non");
INSERT INTO REPONSE
VALUES(472,5,10,"Sohodolls","non");
INSERT INTO REPONSE
VALUES(473,5,10,"Imagine Dragons","non");
INSERT INTO REPONSE
VALUES(474,5,10,"Coldplay","non");
INSERT INTO REPONSE
VALUES (475,12,1, "Bell Labs", "non");
INSERT INTO REPONSE
VALUES (476,12,1, "Caltech", "oui");
INSERT INTO REPONSE
VALUES (477,12,1, "MIT", "non");
INSERT INTO REPONSE
VALUES (478,12,1, "SRI", "non");
INSERT INTO REPONSE
VALUES (479,12,1, "Harvard", "non");
INSERT INTO REPONSE
VALUES (480,12,1, "Stanford", "non");
INSERT INTO REPONSE
VALUES (481,12,2, "VRAI", "oui");
INSERT INTO REPONSE
VALUES (482,12,2, "FAUX", "non");
INSERT INTO REPONSE
VALUES (483,12,3, "VRAI", "non");
INSERT INTO REPONSE
VALUES (484,12,3, "FAUX", "oui");
INSERT INTO REPONSE
VALUES (485,12,4, "Au Cheesecake Factory", "oui");
INSERT INTO REPONSE
VALUES (486,12,4, "A Hooters", "non");
INSERT INTO REPONSE
VALUES (487,12,4, "A Burger King", "non");
INSERT INTO REPONSE
VALUES (488,12,5, "Des poissons luminescents", "oui");
INSERT INTO REPONSE
VALUES (489,12,5, "Des nano-lego", "non");
INSERT INTO REPONSE
VALUES (490,12,5, "Des chiens robots", "non");
INSERT INTO REPONSE
VALUES (491,12,5, "Un transporteur Tardis", "non");
INSERT INTO REPONSE
VALUES (492,12,6, "Il se saoule", "oui");
INSERT INTO REPONSE
VALUES (493,12,6, "Il se cache derrière un livre", "non");
INSERT INTO REPONSE
VALUES (494,12,6, "Il utilise une voix aigüe", "non");
INSERT INTO REPONSE
VALUES (495,12,7, "360", "oui");
INSERT INTO REPONSE
VALUES (496,12,7, "288", "non");
INSERT INTO REPONSE
VALUES (497,12,7, "250", "non");
INSERT INTO REPONSE
VALUES (498,12,7, "200", "non");
INSERT INTO REPONSE
VALUES (499,12,7, "380", "non");
INSERT INTO REPONSE
VALUES (500,12,7, "375", "non");
INSERT INTO REPONSE
VALUES (501,12,8, "Texas", "oui");
INSERT INTO REPONSE
VALUES (502,12,8, "Alabama", "non");
INSERT INTO REPONSE
VALUES (503,12,8, "Nebraska", "non");
INSERT INTO REPONSE
VALUES (504,12,8, "Dakota", "non");
INSERT INTO REPONSE
VALUES (505,12,8, "Californie", "non");
INSERT INTO REPONSE
VALUES (506,12,8, "Nevada", "non");
INSERT INTO REPONSE
VALUES (507,12,9, "Aux abeilles", "oui");
INSERT INTO REPONSE
VALUES (508,12,9, "Aux chiens", "non");
INSERT INTO REPONSE
VALUES (509,12,9, "Aux serpents", "non");
INSERT INTO REPONSE
VALUES (510,12,9, "Aux vers de terre", "non");
INSERT INTO REPONSE
VALUES (511,12,9, "Aux escargots", "non");
INSERT INTO REPONSE
VALUES (512,12,9, "Aux oiseaux", "non");
INSERT INTO REPONSE
VALUES (513,12,10, "Beverly", "oui");
INSERT INTO REPONSE
VALUES (514,12,10, "Mary", "non");
INSERT INTO REPONSE
VALUES (515,12,10, "Penny", "non");
INSERT INTO REPONSE
VALUES (516,12,10, "Messy", "non");
INSERT INTO REPONSE
VALUES (517,12,10, "Christy", "non");
INSERT INTO REPONSE
VALUES (518,12,10, "Bernadette", "non");
INSERT INTO REPONSE
VALUES (519,11,1, "Koro-Sensei", "oui");
INSERT INTO REPONSE
VALUES (520,11,1, "Kayano", "non");
INSERT INTO REPONSE
VALUES (521,11,1, "M. Takaoka", "non");
INSERT INTO REPONSE
VALUES (522,11,1, "Nagisa", "non");
INSERT INTO REPONSE
VALUES (523,11,1, "Aguri Yukimura", "non");
INSERT INTO REPONSE
VALUES (524,11,1, "Karma", "non");
INSERT INTO REPONSE
VALUES (525,11,2, "70", "oui");
INSERT INTO REPONSE
VALUES (526,11,2, "30", "non");
INSERT INTO REPONSE
VALUES (527,11,2, "50", "non");
INSERT INTO REPONSE
VALUES (528,11,3, "Janvier", "non");
INSERT INTO REPONSE
VALUES (529,11,3, "Février", "non");
INSERT INTO REPONSE
VALUES (530,11,3, "Mars", "oui");
INSERT INTO REPONSE
VALUES (531,11,3, "Avril", "non");
INSERT INTO REPONSE
VALUES (532,11,4, "Mach 20", "oui");
INSERT INTO REPONSE
VALUES (533,11,4, "20 km/h", "non");
INSERT INTO REPONSE
VALUES (534,11,4, "Mach 2", "non");
INSERT INTO REPONSE
VALUES (535,11,4, "2 km/h", "non");
INSERT INTO REPONSE
VALUES (536,11,4, "Mach 200", "non");
INSERT INTO REPONSE
VALUES (537,11,4, "200 km/h", "non");
INSERT INTO REPONSE
VALUES (538,11,5, "VRAI", "non");
INSERT INTO REPONSE
VALUES (539,11,5, "FAUX", "oui");
INSERT INTO REPONSE
VALUES (540,11,6, "Une formation d'assassins", "oui");
INSERT INTO REPONSE
VALUES (541,11,6, "Une formation de cuisinier", "non");
INSERT INTO REPONSE
VALUES (542,11,6, "Une formation de danseur", "non");
INSERT INTO REPONSE
VALUES (543,11,6, "Une formation d'artistes", "non");
INSERT INTO REPONSE
VALUES (544,11,6, "Une formation de pilotes", "non");
INSERT INTO REPONSE
VALUES (545,11,6, "Une formation de footballeurs", "non");
INSERT INTO REPONSE
VALUES (546,11,7, "10 milliards de yens", "oui");
INSERT INTO REPONSE
VALUES (547,11,7, "10 milliards de dollars", "non");
INSERT INTO REPONSE
VALUES (548,11,7, "10 millions de yens", "non");
INSERT INTO REPONSE
VALUES (549,11,7, "10 millions de dollars", "non");
INSERT INTO REPONSE
VALUES (550,11,7, "10 000 yens", "non");
INSERT INTO REPONSE
VALUES (551,11,7, "10 000 dollars", "non");
INSERT INTO REPONSE
VALUES (552,11,8, "La couleur de sa peau change en fonction de son humeur", "oui");
INSERT INTO REPONSE
VALUES (553,11,8, "Il peut se téléporter", "non");
INSERT INTO REPONSE
VALUES (554,11,8, "Sa tête est carrée", "non");
INSERT INTO REPONSE
VALUES (555,11,8, "Il ressemble à un lézard", "non");
INSERT INTO REPONSE
VALUES (556,11,8, "Il sait compter 2 par 2 et lasser ses chaussures", "non");
INSERT INTO REPONSE
VALUES (557,11,8, "Il n'a aucun odorat", "non");
INSERT INTO REPONSE
VALUES (558,11,9, "Rien", "non");
INSERT INTO REPONSE
VALUES (559,11,9, "S.A.A.U.S.O", "oui");
INSERT INTO REPONSE
VALUES (560,11,9, "M.A.C.H.20", "non");
INSERT INTO REPONSE
VALUES (561,11,9, "P.O.U.L.P.E", "non");
INSERT INTO REPONSE
VALUES (562,11,9, "A.S.S.A.S.S.I.N", "non");
INSERT INTO REPONSE
VALUES (563,11,9, "A.R.M.E", "non");
INSERT INTO REPONSE
VALUES (564,11,10, "VRAI", "oui");
INSERT INTO REPONSE
VALUES (565,11,10, "FAUX", "non");
INSERT INTO REPONSE 
VALUES (566,13,1,"Espagnole","oui");
INSERT INTO REPONSE 
VALUES (567,13,1,"Française","non");
INSERT INTO REPONSE 
VALUES (568,13,1,"Italienne","non");
INSERT INTO REPONSE 
VALUES (569,13,1,"Américaine","non");
INSERT INTO REPONSE 
VALUES (570,13,1,"Portugaise","non");
INSERT INTO REPONSE 
VALUES (571,13,1,"Allemande","non");
INSERT INTO REPONSE 
VALUES (572,13,2,"Samuel","oui");
INSERT INTO REPONSE 
VALUES (573,13,2,"Nadia","oui");
INSERT INTO REPONSE 
VALUES (574,13,2,"Guzman","non");
INSERT INTO REPONSE 
VALUES (575,13,2,"Marina","non");
INSERT INTO REPONSE 
VALUES (576,13,2,"Carla","non");
INSERT INTO REPONSE 
VALUES (577,13,2,"Rebeka","non");
INSERT INTO REPONSE 
VALUES (578,13,3,"Las Encinas","oui");
INSERT INTO REPONSE 
VALUES (579,13,3,"Los Árboles","non");
INSERT INTO REPONSE 
VALUES (580,13,3,"Las Acacias","non");
INSERT INTO REPONSE 
VALUES (581,13,3,"Los Abetos","non");
INSERT INTO REPONSE 
VALUES (582,13,3,"Las Secoyas","non");
INSERT INTO REPONSE 
VALUES (583,13,3,"Los Arces","non");
INSERT INTO REPONSE 
VALUES (584,13,4,"3","oui");
INSERT INTO REPONSE 
VALUES (585,13,4,"1","non");
INSERT INTO REPONSE 
VALUES (586,13,4,"2","non");
INSERT INTO REPONSE 
VALUES (587,13,5,"Un trophée","oui");
INSERT INTO REPONSE 
VALUES (588,13,5,"Une bouteille en verre cassée","non");
INSERT INTO REPONSE 
VALUES (589,13,5,"Un couteau","non");
INSERT INTO REPONSE 
VALUES (590,13,5,"Un pistolet","non");
INSERT INTO REPONSE 
VALUES (591,13,5,"Une corde","non");
INSERT INTO REPONSE 
VALUES (592,13,5,"Une batte de baseball","non");
INSERT INTO REPONSE 
VALUES (593,13,6,"Valerio","oui");
INSERT INTO REPONSE 
VALUES (594,13,6,"Guzman","non");
INSERT INTO REPONSE 
VALUES (595,13,6,"Samuel","non");
INSERT INTO REPONSE 
VALUES (596,13,6,"Christian","non");
INSERT INTO REPONSE 
VALUES (597,13,6,"Carla","non");
INSERT INTO REPONSE 
VALUES (598,13,6,"Omar","non");
INSERT INTO REPONSE 
VALUES (599,13,7,"Leucémie","oui");
INSERT INTO REPONSE 
VALUES (600,13,7,"Cancer de poumons","non");
INSERT INTO REPONSE 
VALUES (601,13,7,"Coronavirus","non");
INSERT INTO REPONSE 
VALUES (602,13,7,"Cancer du foie","non");
INSERT INTO REPONSE 
VALUES (603,13,7,"Cancer du rein","non");
INSERT INTO REPONSE 
VALUES (604,13,7,"Cancer de la thyroïde","non");
INSERT INTO REPONSE
VALUES (605,13,8,"VRAI","oui");
INSERT INTO REPONSE
VALUES (606,13,8,"FAUX","non");
INSERT INTO REPONSE
VALUES (607,13,9,"VRAI","non");
INSERT INTO REPONSE
VALUES (608,13,9,"FAUX","oui");
INSERT INTO REPONSE 
VALUES (609,13,10,"Samuel","oui");
INSERT INTO REPONSE 
VALUES (610,13,10,"Ander","non");
INSERT INTO REPONSE 
VALUES (611,13,10,"Carla","non");
INSERT INTO REPONSE 
VALUES (612,13,10,"Lucrecia","non");
INSERT INTO REPONSE 
VALUES (613,14,1,"Joe","oui");
INSERT INTO REPONSE 
VALUES (614,14,1,"Bill","non");
INSERT INTO REPONSE 
VALUES (615,14,1,"Jack","non");
INSERT INTO REPONSE 
VALUES (616,14,1,"Jason","non");
INSERT INTO REPONSE 
VALUES (617,14,1,"Bob","non");
INSERT INTO REPONSE 
VALUES (618,14,1,"Jim","non");
INSERT INTO REPONSE 
VALUES (619,14,2,"Gossip Girl","oui");
INSERT INTO REPONSE 
VALUES (620,14,2,"Vampire Diaries","non");
INSERT INTO REPONSE 
VALUES (621,14,2,"Glee","non");
INSERT INTO REPONSE 
VALUES (622,14,2,"Revenge","non");
INSERT INTO REPONSE 
VALUES (623,14,2,"Riverdale","non");
INSERT INTO REPONSE 
VALUES (624,14,2,"Stranger Things","non");
INSERT INTO REPONSE
VALUES (625,14,3,"VRAI","oui");
INSERT INTO REPONSE
VALUES (626,14,3,"FAUX","non");
INSERT INTO REPONSE
VALUES (627,14,5,"VRAI","oui");
INSERT INTO REPONSE
VALUES (628,14,5,"FAUX","non");
INSERT INTO REPONSE 
VALUES (629,14,4,"Beck","oui");
INSERT INTO REPONSE 
VALUES (630,14,4,"Love","non");
INSERT INTO REPONSE 
VALUES (631,14,4,"Candace","non");
INSERT INTO REPONSE 
VALUES (632,14,4,"Delilah","non");
INSERT INTO REPONSE 
VALUES (633,14,4,"Peach","non");
INSERT INTO REPONSE 
VALUES (634,14,4,"Annika","non");
INSERT INTO REPONSE 
VALUES (635,14,6,"Peach","oui");
INSERT INTO REPONSE 
VALUES (636,14,6,"Beck","oui");
INSERT INTO REPONSE 
VALUES (637,14,6,"Love","non");
INSERT INTO REPONSE 
VALUES (638,14,6,"Forty","non");
INSERT INTO REPONSE 
VALUES (639,14,6,"Candace","non");
INSERT INTO REPONSE 
VALUES (640,14,6,"Delilah","non");
INSERT INTO REPONSE 
VALUES (641,14,7,"Los Angeles","oui");
INSERT INTO REPONSE 
VALUES (642,14,7,"New-York","non");
INSERT INTO REPONSE 
VALUES (643,14,7,"Chicago","non");
INSERT INTO REPONSE 
VALUES (644,14,7,"Miami","non");
INSERT INTO REPONSE 
VALUES (645,14,7,"San Francisco","non");
INSERT INTO REPONSE 
VALUES (646,14,7,"Washington","non");
INSERT INTO REPONSE 
VALUES (647,14,8,"Candace","oui");
INSERT INTO REPONSE 
VALUES (648,14,8,"Beck","non");
INSERT INTO REPONSE 
VALUES (649,14,8,"Peach","non");
INSERT INTO REPONSE 
VALUES (650,14,9,"Influenceuse","oui");
INSERT INTO REPONSE 
VALUES (651,14,9,"Sportive de haut niveau","non");
INSERT INTO REPONSE 
VALUES (652,14,9,"Chef cuisinère","non");
INSERT INTO REPONSE 
VALUES (653,14,9,"Journaliste","non");
INSERT INTO REPONSE 
VALUES (654,14,10,"Will","oui");
INSERT INTO REPONSE 
VALUES (655,14,10,"Bob","non");
INSERT INTO REPONSE 
VALUES (656,14,10,"Jim","non");
INSERT INTO REPONSE 
VALUES (657,14,10,"Ross","non");
INSERT INTO REPONSE 
VALUES (658,14,10,"Ben","non");
INSERT INTO REPONSE 
VALUES (659,14,10,"Charles","non");
INSERT INTO REPONSE
VALUES (660,15,1,"Rapido","oui");
INSERT INTO REPONSE
VALUES (661,15,1,"Razmo","oui");
INSERT INTO REPONSE
VALUES (662,15,1,"Raffaello","non");
INSERT INTO REPONSE
VALUES (663,15,1,"Rachido","non");
INSERT INTO REPONSE
VALUES (664,15,1,"Rao","non");
INSERT INTO REPONSE
VALUES (665,15,1,"Radio","non");
INSERT INTO REPONSE
VALUES (666,15,2,"Eric Judor","oui");
INSERT INTO REPONSE
VALUES (667,15,2,"Ramzy Bedia","oui");
INSERT INTO REPONSE
VALUES (668,15,2,"Jamel Debbouze","non");
INSERT INTO REPONSE
VALUES (669,15,2,"Gad Elmaleh","non");
INSERT INTO REPONSE
VALUES (670,15,2,"Elie Semoun","non");
INSERT INTO REPONSE
VALUES (671,15,2,"Kev Adams","non");
INSERT INTO REPONSE
VALUES (672,15,3,"Sur un navire marchand","oui");
INSERT INTO REPONSE
VALUES (673,15,3,"Dans un avion","non");
INSERT INTO REPONSE
VALUES (674,15,3,"Dans un train","non");
INSERT INTO REPONSE
VALUES (675,15,3,"Sur une île","non");
INSERT INTO REPONSE
VALUES (676,15,3,"Dans une maison","non");
INSERT INTO REPONSE
VALUES (677,15,3,"Dans les champs","non");
INSERT INTO REPONSE
VALUES (678,15,4,"Du fromage","oui");
INSERT INTO REPONSE
VALUES (679,15,4,"Du vin","non");
INSERT INTO REPONSE
VALUES (680,15,4,"De la bière","non");
INSERT INTO REPONSE
VALUES (681,15,4,"Des légumes","non");
INSERT INTO REPONSE
VALUES (682,15,4,"De la viande","non");
INSERT INTO REPONSE
VALUES (683,15,4,"Du poisson","non");
INSERT INTO REPONSE
VALUES (684,15,5,"Svetlana","oui");
INSERT INTO REPONSE
VALUES (685,15,5,"Petra","non");
INSERT INTO REPONSE
VALUES (686,15,5,"Carolina","non");
INSERT INTO REPONSE
VALUES (687,15,5,"Selena","non");
INSERT INTO REPONSE
VALUES (688,15,6,"VRAI","oui");
INSERT INTO REPONSE
VALUES (689,15,6,"FAUX","non");
INSERT INTO REPONSE
VALUES (690,15,7,"VRAI","oui");
INSERT INTO REPONSE
VALUES (691,15,7,"FAUX","non");
INSERT INTO REPONSE
VALUES (692,15,8,"A fond les bananes","oui");
INSERT INTO REPONSE
VALUES (693,15,8,"On a la pêche","non");
INSERT INTO REPONSE
VALUES (694,15,8,"Les carottes sont cuites","non");
INSERT INTO REPONSE
VALUES (695,15,8,"C'est la fin des haricots","non");
INSERT INTO REPONSE
VALUES (696,15,8,"Plus vite que la musique","non");
INSERT INTO REPONSE
VALUES (697,15,8,"On met les bouchées doubles","non");